<?xml version="1.0" encoding="UTF-8"?>

<Condition xmlns="http://hl7.org/fhir">
  <id value="condition-meerling"/>
  <text>
    <status value="generated"/><div xmlns="http://www.w3.org/1999/xhtml"><p class="res-header-id"><b>Generated Narrative: Condition condition-meerling</b></p><a name="condition-meerling"> </a><a name="hccondition-meerling"> </a><a name="condition-meerling-en-US"> </a><p><b>clinicalStatus</b>: <span title="Codes:{http://terminology.hl7.org/CodeSystem/condition-clinical resolved}">Resolved</span></p><p><b>code</b>: <span title="Codes:{http://snomed.info/sct 459168005}">Monochorionic diamniotic twin pregnancy</span></p><p><b>subject</b>: <a href="Bundle-bundle-swart.html#http-//example.org/Patient/patient-swart">Fiona F XXX_Swart</a></p><p><b>onset</b>: 2025-02-08</p></div>
  </text>
  <clinicalStatus>
    <coding>
      <system value="http://terminology.hl7.org/CodeSystem/condition-clinical"/>
      <code value="resolved"/>
    </coding>
  </clinicalStatus>
  <code>
    <coding>
      <system value="http://snomed.info/sct"/>
      <code value="459168005"/>
      <display value="Monochorionic diamniotic twin pregnancy"/>
    </coding>
  </code>
  <subject>
    <reference value="http://example.org/Patient/patient-swart"/>
    <display value="Fiona F XXX_Swart"/>
  </subject>
  <onsetDateTime value="2025-02-08"/>
</Condition>