{
  "resourceType" : "Bundle",
  "id" : "bundle-swart",
  "identifier" : {
    "system" : "urn:ietf:rfc:4122",
    "value" : "3e594fe5-3ed5-4305-a214-99c87e1f3bfa"
  },
  "type" : "document",
  "timestamp" : "2025-05-11T10:18:14.632+00:00",
  "entry" : [{
    "fullUrl" : "http://example.org/Composition/composition-swart",
    "resource" : {
      "resourceType" : "Composition",
      "id" : "composition-swart",
      "text" : {
        "status" : "generated",
        "div" : "<div xmlns=\"http://www.w3.org/1999/xhtml\"><a name=\"Composition_composition-swart\"> </a><p class=\"res-header-id\"><b>Generated Narrative: Composition composition-swart</b></p><a name=\"composition-swart\"> </a><a name=\"hccomposition-swart\"> </a><a name=\"composition-swart-en-US\"> </a><p><b>status</b>: Final</p><p><b>type</b>: <span title=\"Codes:{http://loinc.org 34105-7}\">Hospital Discharge summary</span></p><p><b>encounter</b>: <a href=\"Bundle-bundle-swart.html#http-//example.org/Encounter/ziekenhuisopname-swart\">Bundle: identifier = urn:ietf:rfc:4122#3e594fe5-3ed5-4305-a214-99c87e1f3bfa; type = document; timestamp = 2025-05-11 10:18:14+0000</a></p><p><b>date</b>: 2023-11-01 10:18:13+0000</p><p><b>author</b>: <a href=\"Bundle-bundle-swart.html#http-//example.org/Organization/organization-sophia\">Bundle: identifier = urn:ietf:rfc:4122#3e594fe5-3ed5-4305-a214-99c87e1f3bfa; type = document; timestamp = 2025-05-11 10:18:14+0000</a></p><p><b>title</b>: Hospital Discharge summary</p><p><b>confidentiality</b>: normal</p></div>"
      },
      "status" : "final",
      "type" : {
        "coding" : [{
          "system" : "http://loinc.org",
          "code" : "34105-7",
          "display" : "Hospital Discharge summary"
        }]
      },
      "subject" : {
        "reference" : "http://example.org/Patient/patient-swart"
      },
      "encounter" : {
        "reference" : "http://example.org/Encounter/ziekenhuisopname-swart"
      },
      "date" : "2023-11-01T10:18:13.947+00:00",
      "author" : [{
        "reference" : "http://example.org/Organization/organization-sophia"
      }],
      "title" : "Hospital Discharge summary",
      "confidentiality" : "N",
      "section" : [{
        "title" : "Admission evaluation",
        "code" : {
          "coding" : [{
            "system" : "http://loinc.org",
            "code" : "67851-6",
            "display" : "Admission evaluation note"
          }]
        },
        "text" : {
          "status" : "generated",
          "div" : "<div xmlns=\"http://www.w3.org/1999/xhtml\">Patient Fiona Swart was admitted to the hospital for a planned cesarean section.</div>"
        },
        "section" : [{
          "title" : "Vital signs",
          "code" : {
            "coding" : [{
              "system" : "http://loinc.org",
              "code" : "8716-3",
              "display" : "Vital signs"
            }]
          },
          "text" : {
            "status" : "generated",
            "div" : "<div xmlns=\"http://www.w3.org/1999/xhtml\"><table><tr><td>Body weight</td><td>63 kg</td></tr><tr><td>Blood pressure panel with all children optional</td><td/></tr><tr><td>Systolic blood pressure</td><td>120 mmHg</td></tr><tr><td>Diastolic blood pressure</td><td>70 mmHg</td></tr><tr><td>Pattern of fetal movement</td><td>Fetal movements present</td></tr></table></div>"
          },
          "entry" : [{
            "reference" : "http://example.org/Observation/gewicht-swart",
            "display" : "63 kg"
          },
          {
            "reference" : "http://example.org/Observation/bloeddruk-swart",
            "display" : "70/120 mmHg"
          },
          {
            "reference" : "http://example.org/Observation/levenvoelen-swart",
            "display" : "foetale bewegingen aanwezig"
          }]
        },
        {
          "title" : "Social history",
          "code" : {
            "coding" : [{
              "system" : "http://loinc.org",
              "code" : "29762-2",
              "display" : "Social history Narrative"
            }]
          },
          "text" : {
            "status" : "generated",
            "div" : "<div xmlns=\"http://www.w3.org/1999/xhtml\"><table><tr><td>Alcohol drinking behaviour</td><td>Current non-drinker of alcohol</td></tr><tr><td>Finding of tobacco use and exposure (finding)</td><td>Occasional cigarette smoker</td></tr><tr><td>Type of tobacco used (observable entity)</td><td>Electronic cigarette user</td></tr><tr><td>Tobacco smoking consumption (observable entity)</td><td>6 keer per dag inhaleren</td></tr></table></div>"
          },
          "entry" : [{
            "reference" : "http://example.org/Observation/alcohol-swart",
            "display" : "does not drink alcohol"
          },
          {
            "reference" : "http://example.org/Observation/tobacco-swart",
            "display" : "smokes occasionally cigarettes"
          }]
        },
        {
          "title" : "Significant procedures",
          "code" : {
            "coding" : [{
              "system" : "http://loinc.org",
              "code" : "10185-7",
              "display" : "Hospital discharge procedures Narrative"
            }]
          },
          "text" : {
            "status" : "generated",
            "div" : "<div xmlns=\"http://www.w3.org/1999/xhtml\"><table><tr><td>Obstetric procedure</td><td>Cesarean section</td></tr></table></div>"
          },
          "entry" : [{
            "reference" : "http://example.org/Procedure/sectio-swart",
            "display" : "planned primary sectio caesarea"
          }]
        }]
      },
      {
        "title" : "Problem List",
        "code" : {
          "coding" : [{
            "system" : "http://loinc.org",
            "code" : "11450-4",
            "display" : "Problem list - Reported"
          }]
        },
        "text" : {
          "status" : "generated",
          "div" : "<div xmlns=\"http://www.w3.org/1999/xhtml\"><table><tr><td>Monochorionic diamniotic twin pregnancy</td><td>resolved</td></tr><tr><td>Fetal growth restriction</td><td>resolved</td></tr></table></div>"
        },
        "entry" : [{
          "reference" : "http://example.org/Condition/condition-meerling"
        },
        {
          "reference" : "http://example.org/Condition/condition-growth"
        }]
      },
      {
        "title" : "Results",
        "code" : {
          "coding" : [{
            "system" : "http://loinc.org",
            "code" : "30954-2",
            "display" : "Relevant diagnostic tests/laboratory data Narrative"
          }]
        },
        "text" : {
          "status" : "generated",
          "div" : "<div xmlns=\"http://www.w3.org/1999/xhtml\"><table><tr><td>ABO group [Type] in Blood</td><td>Blood group O</td></tr><tr><td>D Ag [Presence] in Blood</td><td>RhD positive</td></tr><tr><td>Hemoglobin [Moles/volume] in Venous blood</td><td>7.3 mmol/L</td></tr><tr><td>HIV 1 Ab [Presence] in Serum or Plasma by Immunoassay</td><td>HIV not detected</td></tr></table></div>"
        },
        "entry" : [{
          "reference" : "http://example.org/Observation/lab-swart-3",
          "display" : "ABO group"
        },
        {
          "reference" : "http://example.org/Observation/lab-swart-4",
          "display" : "Rh D factor"
        },
        {
          "reference" : "http://example.org/Observation/lab-swart-5",
          "display" : "hemoglobin"
        },
        {
          "reference" : "http://example.org/Observation/lab-swart-6",
          "display" : "HIV 1 As"
        }]
      },
      {
        "title" : "Discharge details",
        "code" : {
          "coding" : [{
            "system" : "http://loinc.org",
            "code" : "8650-4",
            "display" : "Hospital discharge disposition Narrative"
          }]
        },
        "text" : {
          "status" : "generated",
          "div" : "<div xmlns=\"http://www.w3.org/1999/xhtml\">Patient Fiona Swart was discharged after cesarean section with healthy twin.</div>"
        }
      }]
    }
  },
  {
    "fullUrl" : "http://example.org/Condition/condition-growth",
    "resource" : {
      "resourceType" : "Condition",
      "id" : "condition-growth",
      "text" : {
        "status" : "generated",
        "div" : "<div xmlns=\"http://www.w3.org/1999/xhtml\"><a name=\"Condition_condition-growth\"> </a><p class=\"res-header-id\"><b>Generated Narrative: Condition condition-growth</b></p><a name=\"condition-growth\"> </a><a name=\"hccondition-growth\"> </a><a name=\"condition-growth-en-US\"> </a><p><b>clinicalStatus</b>: <span title=\"Codes:{http://terminology.hl7.org/CodeSystem/condition-clinical resolved}\">Resolved</span></p><p><b>code</b>: <span title=\"Codes:{http://snomed.info/sct 22033007}\">Fetal growth restriction</span></p><p><b>subject</b>: <a href=\"Bundle-bundle-swart.html#http-//example.org/Patient/patient-swart\">Fiona F XXX_Swart</a></p><p><b>onset</b>: 2025-02-08</p></div>"
      },
      "clinicalStatus" : {
        "coding" : [{
          "system" : "http://terminology.hl7.org/CodeSystem/condition-clinical",
          "code" : "resolved"
        }]
      },
      "code" : {
        "coding" : [{
          "system" : "http://snomed.info/sct",
          "code" : "22033007",
          "display" : "Fetal growth restriction"
        }]
      },
      "subject" : {
        "reference" : "http://example.org/Patient/patient-swart",
        "display" : "Fiona F XXX_Swart"
      },
      "onsetDateTime" : "2025-02-08"
    }
  },
  {
    "fullUrl" : "http://example.org/Condition/condition-meerling",
    "resource" : {
      "resourceType" : "Condition",
      "id" : "condition-meerling",
      "text" : {
        "status" : "generated",
        "div" : "<div xmlns=\"http://www.w3.org/1999/xhtml\"><a name=\"Condition_condition-meerling\"> </a><p class=\"res-header-id\"><b>Generated Narrative: Condition condition-meerling</b></p><a name=\"condition-meerling\"> </a><a name=\"hccondition-meerling\"> </a><a name=\"condition-meerling-en-US\"> </a><p><b>clinicalStatus</b>: <span title=\"Codes:{http://terminology.hl7.org/CodeSystem/condition-clinical resolved}\">Resolved</span></p><p><b>code</b>: <span title=\"Codes:{http://snomed.info/sct 459168005}\">Monochorionic diamniotic twin pregnancy</span></p><p><b>subject</b>: <a href=\"Bundle-bundle-swart.html#http-//example.org/Patient/patient-swart\">Fiona F XXX_Swart</a></p><p><b>onset</b>: 2025-02-08</p></div>"
      },
      "clinicalStatus" : {
        "coding" : [{
          "system" : "http://terminology.hl7.org/CodeSystem/condition-clinical",
          "code" : "resolved"
        }]
      },
      "code" : {
        "coding" : [{
          "system" : "http://snomed.info/sct",
          "code" : "459168005",
          "display" : "Monochorionic diamniotic twin pregnancy"
        }]
      },
      "subject" : {
        "reference" : "http://example.org/Patient/patient-swart",
        "display" : "Fiona F XXX_Swart"
      },
      "onsetDateTime" : "2025-02-08"
    }
  },
  {
    "fullUrl" : "http://example.org/Encounter/ziekenhuisopname-swart",
    "resource" : {
      "resourceType" : "Encounter",
      "id" : "ziekenhuisopname-swart",
      "text" : {
        "status" : "generated",
        "div" : "<div xmlns=\"http://www.w3.org/1999/xhtml\"><a name=\"Encounter_ziekenhuisopname-swart\"> </a><p class=\"res-header-id\"><b>Generated Narrative: Encounter ziekenhuisopname-swart</b></p><a name=\"ziekenhuisopname-swart\"> </a><a name=\"hcziekenhuisopname-swart\"> </a><a name=\"ziekenhuisopname-swart-en-US\"> </a><p><b>status</b>: Finished</p><p><b>class</b>: [not stated] IMP: IMP</p><p><b>subject</b>: <a href=\"Bundle-bundle-swart.html#http-//example.org/Patient/patient-swart\">Fiona F XXX_Swart</a></p><p><b>period</b>: 2025-02-08 10:00:00+0000 --&gt; 2025-02-12 12:00:00+0000</p><p><b>reasonCode</b>: <span title=\"Codes:{http://snomed.info/sct 65147003}\">Twin pregnancy</span></p><p><b>reasonReference</b>: <a href=\"Bundle-bundle-swart.html#http-//example.org/Condition/condition-meerling\">Twin pregnancy</a></p><h3>Diagnoses</h3><table class=\"grid\"><tr><td style=\"display: none\">-</td><td><b>Condition</b></td></tr><tr><td style=\"display: none\">*</td><td><a href=\"Bundle-bundle-swart.html#http-//example.org/Condition/condition-meerling\">monochoriale diamniotische tweelingzwangerschap</a></td></tr></table></div>"
      },
      "status" : "finished",
      "class" : {
        "code" : "IMP"
      },
      "subject" : {
        "reference" : "http://example.org/Patient/patient-swart",
        "display" : "Fiona F XXX_Swart"
      },
      "period" : {
        "start" : "2025-02-08T10:00:00+00:00",
        "end" : "2025-02-12T12:00:00+00:00"
      },
      "reasonCode" : [{
        "coding" : [{
          "system" : "http://snomed.info/sct",
          "code" : "65147003",
          "display" : "Twin pregnancy"
        }]
      }],
      "reasonReference" : [{
        "reference" : "http://example.org/Condition/condition-meerling",
        "display" : "Twin pregnancy"
      }],
      "diagnosis" : [{
        "condition" : {
          "reference" : "http://example.org/Condition/condition-meerling",
          "display" : "monochoriale diamniotische tweelingzwangerschap"
        }
      }]
    }
  },
  {
    "fullUrl" : "http://example.org/Observation/alcohol-swart",
    "resource" : {
      "resourceType" : "Observation",
      "id" : "alcohol-swart",
      "text" : {
        "status" : "generated",
        "div" : "<div xmlns=\"http://www.w3.org/1999/xhtml\"><a name=\"Observation_alcohol-swart\"> </a><p class=\"res-header-id\"><b>Generated Narrative: Observation alcohol-swart</b></p><a name=\"alcohol-swart\"> </a><a name=\"hcalcohol-swart\"> </a><a name=\"alcohol-swart-en-US\"> </a><p><b>status</b>: Final</p><p><b>code</b>: <span title=\"Codes:{http://snomed.info/sct 228273003}\">Alcohol drinking behaviour</span></p><p><b>subject</b>: <a href=\"Bundle-bundle-swart.html#http-//example.org/Patient/patient-swart\">Fiona F XXX_Swart</a></p><p><b>effective</b>: 2025-02-08</p><p><b>value</b>: <span title=\"Codes:{http://snomed.info/sct 105542008}\">Current non-drinker of alcohol</span></p></div>"
      },
      "status" : "final",
      "code" : {
        "coding" : [{
          "system" : "http://snomed.info/sct",
          "code" : "228273003",
          "display" : "Alcohol drinking behaviour"
        }]
      },
      "subject" : {
        "reference" : "http://example.org/Patient/patient-swart",
        "display" : "Fiona F XXX_Swart"
      },
      "effectiveDateTime" : "2025-02-08",
      "valueCodeableConcept" : {
        "coding" : [{
          "system" : "http://snomed.info/sct",
          "code" : "105542008",
          "display" : "Current non-drinker of alcohol"
        }]
      }
    }
  },
  {
    "fullUrl" : "http://example.org/Observation/bloeddruk-swart",
    "resource" : {
      "resourceType" : "Observation",
      "id" : "bloeddruk-swart",
      "text" : {
        "status" : "generated",
        "div" : "<div xmlns=\"http://www.w3.org/1999/xhtml\"><a name=\"Observation_bloeddruk-swart\"> </a><p class=\"res-header-id\"><b>Generated Narrative: Observation bloeddruk-swart</b></p><a name=\"bloeddruk-swart\"> </a><a name=\"hcbloeddruk-swart\"> </a><a name=\"bloeddruk-swart-en-US\"> </a><p><b>status</b>: Final</p><p><b>category</b>: <span title=\"Codes:{http://terminology.hl7.org/CodeSystem/observation-category vital-signs}\">Vital Signs</span></p><p><b>code</b>: <span title=\"Codes:{http://loinc.org 85354-9}, {http://loinc.org 55284-4}, {http://snomed.info/sct 46973005}\">Blood pressure panel with all children optional</span></p><p><b>subject</b>: <a href=\"Bundle-bundle-swart.html#http-//example.org/Patient/patient-swart\">Fiona F XXX_Swart</a></p><p><b>effective</b>: 2025-02-08</p><blockquote><p><b>component</b></p><p><b>code</b>: <span title=\"Codes:{http://loinc.org 8480-6}\">Systolic blood pressure</span></p><p><b>value</b>: 120 mmHg<span style=\"background: LightGoldenRodYellow\"> (Details: UCUM  codemm[Hg] = 'mm[Hg]')</span></p></blockquote><blockquote><p><b>component</b></p><p><b>code</b>: <span title=\"Codes:{http://loinc.org 8462-4}\">Diastolic blood pressure</span></p><p><b>value</b>: 70 mmHg<span style=\"background: LightGoldenRodYellow\"> (Details: UCUM  codemm[Hg] = 'mm[Hg]')</span></p></blockquote></div>"
      },
      "status" : "final",
      "category" : [{
        "coding" : [{
          "system" : "http://terminology.hl7.org/CodeSystem/observation-category",
          "code" : "vital-signs",
          "display" : "Vital Signs"
        }]
      }],
      "code" : {
        "coding" : [{
          "system" : "http://loinc.org",
          "code" : "85354-9",
          "display" : "Blood pressure panel with all children optional"
        },
        {
          "system" : "http://loinc.org",
          "code" : "55284-4",
          "display" : "Blood pressure systolic and diastolic"
        },
        {
          "system" : "http://snomed.info/sct",
          "code" : "46973005",
          "display" : "Blood pressure taking"
        }]
      },
      "subject" : {
        "reference" : "http://example.org/Patient/patient-swart",
        "display" : "Fiona F XXX_Swart"
      },
      "effectiveDateTime" : "2025-02-08",
      "component" : [{
        "code" : {
          "coding" : [{
            "system" : "http://loinc.org",
            "code" : "8480-6",
            "display" : "Systolic blood pressure"
          }]
        },
        "valueQuantity" : {
          "value" : 120,
          "unit" : "mmHg",
          "system" : "http://unitsofmeasure.org",
          "code" : "mm[Hg]"
        }
      },
      {
        "code" : {
          "coding" : [{
            "system" : "http://loinc.org",
            "code" : "8462-4",
            "display" : "Diastolic blood pressure"
          }]
        },
        "valueQuantity" : {
          "value" : 70,
          "unit" : "mmHg",
          "system" : "http://unitsofmeasure.org",
          "code" : "mm[Hg]"
        }
      }]
    }
  },
  {
    "fullUrl" : "http://example.org/Observation/gewicht-swart",
    "resource" : {
      "resourceType" : "Observation",
      "id" : "gewicht-swart",
      "text" : {
        "status" : "generated",
        "div" : "<div xmlns=\"http://www.w3.org/1999/xhtml\"><a name=\"Observation_gewicht-swart\"> </a><p class=\"res-header-id\"><b>Generated Narrative: Observation gewicht-swart</b></p><a name=\"gewicht-swart\"> </a><a name=\"hcgewicht-swart\"> </a><a name=\"gewicht-swart-en-US\"> </a><p><b>status</b>: Final</p><p><b>category</b>: <span title=\"Codes:{http://terminology.hl7.org/CodeSystem/observation-category vital-signs}\">Vital Signs</span></p><p><b>code</b>: <span title=\"Codes:{http://loinc.org 29463-7}\">Body weight</span></p><p><b>subject</b>: <a href=\"Bundle-bundle-swart.html#http-//example.org/Patient/patient-swart\">Fiona F XXX_Swart</a></p><p><b>effective</b>: 2025-02-08</p><p><b>value</b>: 63 kg<span style=\"background: LightGoldenRodYellow\"> (Details: UCUM  codekg = 'kg')</span></p></div>"
      },
      "status" : "final",
      "category" : [{
        "coding" : [{
          "system" : "http://terminology.hl7.org/CodeSystem/observation-category",
          "code" : "vital-signs",
          "display" : "Vital Signs"
        }]
      }],
      "code" : {
        "coding" : [{
          "system" : "http://loinc.org",
          "code" : "29463-7",
          "display" : "Body weight"
        }]
      },
      "subject" : {
        "reference" : "http://example.org/Patient/patient-swart",
        "display" : "Fiona F XXX_Swart"
      },
      "effectiveDateTime" : "2025-02-08",
      "valueQuantity" : {
        "value" : 63,
        "unit" : "kg",
        "system" : "http://unitsofmeasure.org",
        "code" : "kg"
      }
    }
  },
  {
    "fullUrl" : "http://example.org/Observation/lab-swart-3",
    "resource" : {
      "resourceType" : "Observation",
      "id" : "lab-swart-3",
      "text" : {
        "status" : "generated",
        "div" : "<div xmlns=\"http://www.w3.org/1999/xhtml\"><a name=\"Observation_lab-swart-3\"> </a><p class=\"res-header-id\"><b>Generated Narrative: Observation lab-swart-3</b></p><a name=\"lab-swart-3\"> </a><a name=\"hclab-swart-3\"> </a><a name=\"lab-swart-3-en-US\"> </a><p><b>status</b>: Final</p><p><b>code</b>: <span title=\"Codes:{http://loinc.org 883-9}\">ABO group [Type] in Blood</span></p><p><b>subject</b>: <a href=\"Bundle-bundle-swart.html#http-//example.org/Patient/patient-swart\">Fiona F XXX_Swart</a></p><p><b>value</b>: <span title=\"Codes:{http://snomed.info/sct 58460004}\">Blood group O</span></p></div>"
      },
      "status" : "final",
      "code" : {
        "coding" : [{
          "system" : "http://loinc.org",
          "code" : "883-9",
          "display" : "ABO group [Type] in Blood"
        }]
      },
      "subject" : {
        "reference" : "http://example.org/Patient/patient-swart",
        "display" : "Fiona F XXX_Swart"
      },
      "valueCodeableConcept" : {
        "coding" : [{
          "system" : "http://snomed.info/sct",
          "code" : "58460004",
          "display" : "Blood group O"
        }]
      }
    }
  },
  {
    "fullUrl" : "http://example.org/Observation/lab-swart-4",
    "resource" : {
      "resourceType" : "Observation",
      "id" : "lab-swart-4",
      "text" : {
        "status" : "generated",
        "div" : "<div xmlns=\"http://www.w3.org/1999/xhtml\"><a name=\"Observation_lab-swart-4\"> </a><p class=\"res-header-id\"><b>Generated Narrative: Observation lab-swart-4</b></p><a name=\"lab-swart-4\"> </a><a name=\"hclab-swart-4\"> </a><a name=\"lab-swart-4-en-US\"> </a><p><b>status</b>: Final</p><p><b>code</b>: <span title=\"Codes:{http://loinc.org 1305-2}\">D Ag [Presence] in Blood</span></p><p><b>subject</b>: <a href=\"Bundle-bundle-swart.html#http-//example.org/Patient/patient-swart\">Fiona F XXX_Swart</a></p><p><b>value</b>: <span title=\"Codes:{http://snomed.info/sct 165747007}\">RhD positive</span></p></div>"
      },
      "status" : "final",
      "code" : {
        "coding" : [{
          "system" : "http://loinc.org",
          "code" : "1305-2",
          "display" : "D Ag [Presence] in Blood"
        }]
      },
      "subject" : {
        "reference" : "http://example.org/Patient/patient-swart",
        "display" : "Fiona F XXX_Swart"
      },
      "valueCodeableConcept" : {
        "coding" : [{
          "system" : "http://snomed.info/sct",
          "code" : "165747007",
          "display" : "RhD positive"
        }]
      }
    }
  },
  {
    "fullUrl" : "http://example.org/Observation/lab-swart-5",
    "resource" : {
      "resourceType" : "Observation",
      "id" : "lab-swart-5",
      "text" : {
        "status" : "generated",
        "div" : "<div xmlns=\"http://www.w3.org/1999/xhtml\"><a name=\"Observation_lab-swart-5\"> </a><p class=\"res-header-id\"><b>Generated Narrative: Observation lab-swart-5</b></p><a name=\"lab-swart-5\"> </a><a name=\"hclab-swart-5\"> </a><a name=\"lab-swart-5-en-US\"> </a><p><b>status</b>: Final</p><p><b>code</b>: <span title=\"Codes:{http://loinc.org 93846-4}\">Hemoglobin [Moles/volume] in Venous blood</span></p><p><b>subject</b>: <a href=\"Bundle-bundle-swart.html#http-//example.org/Patient/patient-swart\">Fiona F XXX_Swart</a></p><p><b>value</b>: 7.3 mmol/L<span style=\"background: LightGoldenRodYellow\"> (Details: UCUM  codemmol/L = 'mmol/L')</span></p></div>"
      },
      "status" : "final",
      "code" : {
        "coding" : [{
          "system" : "http://loinc.org",
          "code" : "93846-4",
          "display" : "Hemoglobin [Moles/volume] in Venous blood"
        }]
      },
      "subject" : {
        "reference" : "http://example.org/Patient/patient-swart",
        "display" : "Fiona F XXX_Swart"
      },
      "valueQuantity" : {
        "value" : 7.3,
        "unit" : "mmol/L",
        "system" : "http://unitsofmeasure.org",
        "code" : "mmol/L"
      }
    }
  },
  {
    "fullUrl" : "http://example.org/Observation/lab-swart-6",
    "resource" : {
      "resourceType" : "Observation",
      "id" : "lab-swart-6",
      "text" : {
        "status" : "generated",
        "div" : "<div xmlns=\"http://www.w3.org/1999/xhtml\"><a name=\"Observation_lab-swart-6\"> </a><p class=\"res-header-id\"><b>Generated Narrative: Observation lab-swart-6</b></p><a name=\"lab-swart-6\"> </a><a name=\"hclab-swart-6\"> </a><a name=\"lab-swart-6-en-US\"> </a><p><b>status</b>: Final</p><p><b>code</b>: <span title=\"Codes:{http://loinc.org 29893-5}\">HIV 1 Ab [Presence] in Serum or Plasma by Immunoassay</span></p><p><b>subject</b>: <a href=\"Bundle-bundle-swart.html#http-//example.org/Patient/patient-swart\">Fiona F XXX_Swart</a></p><p><b>value</b>: <span title=\"Codes:{http://snomed.info/sct 165815009}\">HIV not detected</span></p></div>"
      },
      "status" : "final",
      "code" : {
        "coding" : [{
          "system" : "http://loinc.org",
          "code" : "29893-5",
          "display" : "HIV 1 Ab [Presence] in Serum or Plasma by Immunoassay"
        }]
      },
      "subject" : {
        "reference" : "http://example.org/Patient/patient-swart",
        "display" : "Fiona F XXX_Swart"
      },
      "valueCodeableConcept" : {
        "coding" : [{
          "system" : "http://snomed.info/sct",
          "code" : "165815009",
          "display" : "HIV not detected"
        }]
      }
    }
  },
  {
    "fullUrl" : "http://example.org/Observation/levenvoelen-swart",
    "resource" : {
      "resourceType" : "Observation",
      "id" : "levenvoelen-swart",
      "text" : {
        "status" : "generated",
        "div" : "<div xmlns=\"http://www.w3.org/1999/xhtml\"><a name=\"Observation_levenvoelen-swart\"> </a><p class=\"res-header-id\"><b>Generated Narrative: Observation levenvoelen-swart</b></p><a name=\"levenvoelen-swart\"> </a><a name=\"hclevenvoelen-swart\"> </a><a name=\"levenvoelen-swart-en-US\"> </a><p><b>identifier</b>: <code>urn:oid:2.16.840.1.113883.2.4.3.11.999.7.6</code>/38e436bf-6b35-11ec-2213-020000000000</p><p><b>status</b>: Final</p><p><b>code</b>: <span title=\"Codes:{http://snomed.info/sct 364618000}\">Pattern of fetal movement</span></p><p><b>subject</b>: <a href=\"Bundle-bundle-swart.html#http-//example.org/Patient/patient-swart\">Fiona F XXX_Swart</a></p><p><b>effective</b>: 2025-02-08</p><p><b>value</b>: <span title=\"Codes:{http://snomed.info/sct 289431008}\">Fetal movements present</span></p></div>"
      },
      "identifier" : [{
        "system" : "urn:oid:2.16.840.1.113883.2.4.3.11.999.7.6",
        "value" : "38e436bf-6b35-11ec-2213-020000000000"
      }],
      "status" : "final",
      "code" : {
        "coding" : [{
          "system" : "http://snomed.info/sct",
          "code" : "364618000",
          "display" : "Pattern of fetal movement"
        }]
      },
      "subject" : {
        "reference" : "http://example.org/Patient/patient-swart",
        "display" : "Fiona F XXX_Swart"
      },
      "effectiveDateTime" : "2025-02-08",
      "valueCodeableConcept" : {
        "coding" : [{
          "system" : "http://snomed.info/sct",
          "code" : "289431008",
          "display" : "Fetal movements present"
        }]
      }
    }
  },
  {
    "fullUrl" : "http://example.org/Observation/tobacco-swart",
    "resource" : {
      "resourceType" : "Observation",
      "id" : "tobacco-swart",
      "text" : {
        "status" : "generated",
        "div" : "<div xmlns=\"http://www.w3.org/1999/xhtml\"><a name=\"Observation_tobacco-swart\"> </a><p class=\"res-header-id\"><b>Generated Narrative: Observation tobacco-swart</b></p><a name=\"tobacco-swart\"> </a><a name=\"hctobacco-swart\"> </a><a name=\"tobacco-swart-en-US\"> </a><p><b>status</b>: Final</p><p><b>code</b>: <span title=\"Codes:{http://snomed.info/sct 365980008}\">Finding of tobacco use and exposure (finding)</span></p><p><b>subject</b>: <a href=\"Bundle-bundle-swart.html#http-//example.org/Patient/patient-swart\">Fiona F XXX_Swart</a></p><p><b>effective</b>: 2025-02-08</p><p><b>value</b>: <span title=\"Codes:{http://snomed.info/sct 230059006}\">Occasional cigarette smoker</span></p><blockquote><p><b>component</b></p><p><b>code</b>: <span title=\"Codes:{http://snomed.info/sct 53661000146106}\">Type of tobacco used (observable entity)</span></p><p><b>value</b>: <span title=\"Codes:{http://snomed.info/sct 722499006}\">Electronic cigarette user</span></p></blockquote><blockquote><p><b>component</b></p><p><b>code</b>: <span title=\"Codes:{http://snomed.info/sct 266918002}\">Tobacco smoking consumption (observable entity)</span></p><p><b>value</b>: 6 keer per dag inhaleren<span style=\"background: LightGoldenRodYellow\"> (Details: UCUM  code{keer per dag inhaleren} = '{keer per dag inhaleren}')</span></p></blockquote></div>"
      },
      "status" : "final",
      "code" : {
        "coding" : [{
          "system" : "http://snomed.info/sct",
          "code" : "365980008",
          "display" : "Finding of tobacco use and exposure (finding)"
        }]
      },
      "subject" : {
        "reference" : "http://example.org/Patient/patient-swart",
        "display" : "Fiona F XXX_Swart"
      },
      "effectiveDateTime" : "2025-02-08",
      "valueCodeableConcept" : {
        "coding" : [{
          "system" : "http://snomed.info/sct",
          "code" : "230059006",
          "display" : "Occasional cigarette smoker"
        }]
      },
      "component" : [{
        "code" : {
          "coding" : [{
            "system" : "http://snomed.info/sct",
            "code" : "53661000146106",
            "display" : "Type of tobacco used (observable entity)"
          }]
        },
        "valueCodeableConcept" : {
          "coding" : [{
            "system" : "http://snomed.info/sct",
            "code" : "722499006",
            "display" : "Electronic cigarette user"
          }]
        }
      },
      {
        "code" : {
          "coding" : [{
            "system" : "http://snomed.info/sct",
            "code" : "266918002",
            "display" : "Tobacco smoking consumption (observable entity)"
          }]
        },
        "valueQuantity" : {
          "value" : 6,
          "unit" : "keer per dag inhaleren",
          "system" : "http://unitsofmeasure.org",
          "code" : "{keer per dag inhaleren}"
        }
      }]
    }
  },
  {
    "fullUrl" : "http://example.org/Organization/organization-sophia",
    "resource" : {
      "resourceType" : "Organization",
      "id" : "organization-sophia",
      "text" : {
        "status" : "generated",
        "div" : "<div xmlns=\"http://www.w3.org/1999/xhtml\"><a name=\"Organization_organization-sophia\"> </a><p class=\"res-header-id\"><b>Generated Narrative: Organization organization-sophia</b></p><a name=\"organization-sophia\"> </a><a name=\"hcorganization-sophia\"> </a><a name=\"organization-sophia-en-US\"> </a><p><b>identifier</b>: <code>http://fhir.nl/fhir/NamingSystem/agb-z</code>/06020806</p><p><b>type</b>: <span title=\"Codes:{urn:oid:2.16.840.1.113883.2.4.6.7 0300}\">Medisch specialist</span>, <span title=\"Codes:{http://nictiz.nl/fhir/NamingSystem/organization-type V5}\">Universitair Medisch Centrum</span></p><p><b>name</b>: Erasmus MC, Sophia kinderziekenhuis</p><p><b>telecom</b>: ph: 0107040116, <a href=\"mailto:info@erasmusmc.nl\">info@erasmusmc.nl</a></p><p><b>address</b>: Dr. Molewaterplein 60 ROTTERDAM 3015GJ NL (work)</p></div>"
      },
      "identifier" : [{
        "system" : "http://fhir.nl/fhir/NamingSystem/agb-z",
        "value" : "06020806"
      }],
      "type" : [{
        "coding" : [{
          "system" : "urn:oid:2.16.840.1.113883.2.4.6.7",
          "version" : "2.16.840.1.113883.2.4.6.7",
          "code" : "0300",
          "display" : "Medisch specialist"
        }]
      },
      {
        "coding" : [{
          "system" : "http://nictiz.nl/fhir/NamingSystem/organization-type",
          "code" : "V5",
          "display" : "Universitair Medisch Centrum"
        }]
      }],
      "name" : "Erasmus MC, Sophia kinderziekenhuis",
      "telecom" : [{
        "system" : "phone",
        "value" : "0107040116"
      },
      {
        "system" : "email",
        "value" : "info@erasmusmc.nl"
      }],
      "address" : [{
        "use" : "work",
        "line" : ["Dr. Molewaterplein 60"],
        "_line" : [{
          "extension" : [{
            "url" : "http://hl7.org/fhir/StructureDefinition/iso21090-ADXP-streetName",
            "valueString" : "Dr. Molewaterplein"
          },
          {
            "url" : "http://hl7.org/fhir/StructureDefinition/iso21090-ADXP-houseNumber",
            "valueString" : "60"
          }]
        }],
        "city" : "ROTTERDAM",
        "postalCode" : "3015GJ",
        "country" : "NL"
      }]
    }
  },
  {
    "fullUrl" : "http://example.org/Patient/patient-swart",
    "resource" : {
      "resourceType" : "Patient",
      "id" : "patient-swart",
      "text" : {
        "status" : "generated",
        "div" : "<div xmlns=\"http://www.w3.org/1999/xhtml\"><a name=\"Patient_patient-swart\"> </a><p class=\"res-header-id\"><b>Generated Narrative: Patient patient-swart</b></p><a name=\"patient-swart\"> </a><a name=\"hcpatient-swart\"> </a><a name=\"patient-swart-en-US\"> </a><p style=\"border: 1px #661aff solid; background-color: #e6e6ff; padding: 10px;\">Fiona XXX_Swart Female, DoB: 1985-12-23 ( http://fhir.nl/fhir/NamingSystem/bsn#999901448)</p><hr/><table class=\"grid\"><tr><td style=\"background-color: #f3f5da\" title=\"Known multipleBirth status of Patient\">Multiple Birth:</td><td colspan=\"3\">false</td></tr><tr><td style=\"background-color: #f3f5da\" title=\"Ways to contact the Patient\">Contact Detail</td><td colspan=\"3\"><ul><li>ph: 0655223366(Mobile)</li><li>Knolweg 1000 STITSWERD 9999XA NL (home)</li></ul></td></tr></table></div>"
      },
      "identifier" : [{
        "system" : "http://fhir.nl/fhir/NamingSystem/bsn",
        "value" : "999901448"
      }],
      "name" : [{
        "extension" : [{
          "url" : "http://hl7.org/fhir/StructureDefinition/humanname-assembly-order",
          "valueCode" : "NL1"
        }],
        "text" : "Fiona XXX_Swart",
        "family" : "XXX_Swart",
        "_family" : {
          "extension" : [{
            "url" : "http://hl7.org/fhir/StructureDefinition/humanname-own-name",
            "valueString" : "XXX_Swart"
          }]
        },
        "given" : ["Fiona",
        "F"],
        "_given" : [{
          "extension" : [{
            "url" : "http://hl7.org/fhir/StructureDefinition/iso21090-EN-qualifier",
            "valueCode" : "BR"
          }]
        },
        {
          "extension" : [{
            "url" : "http://hl7.org/fhir/StructureDefinition/iso21090-EN-qualifier",
            "valueCode" : "IN"
          }]
        }]
      }],
      "telecom" : [{
        "system" : "phone",
        "value" : "0655223366",
        "use" : "mobile"
      }],
      "gender" : "female",
      "birthDate" : "1985-12-23",
      "address" : [{
        "use" : "home",
        "type" : "physical",
        "line" : ["Knolweg 1000"],
        "_line" : [{
          "extension" : [{
            "url" : "http://hl7.org/fhir/StructureDefinition/iso21090-ADXP-streetName",
            "valueString" : "Knolweg"
          },
          {
            "url" : "http://hl7.org/fhir/StructureDefinition/iso21090-ADXP-houseNumber",
            "valueString" : "1000"
          }]
        }],
        "city" : "STITSWERD",
        "postalCode" : "9999XA",
        "country" : "NL"
      }],
      "multipleBirthBoolean" : false
    }
  },
  {
    "fullUrl" : "http://example.org/Procedure/sectio-swart",
    "resource" : {
      "resourceType" : "Procedure",
      "id" : "sectio-swart",
      "text" : {
        "status" : "generated",
        "div" : "<div xmlns=\"http://www.w3.org/1999/xhtml\"><a name=\"Procedure_sectio-swart\"> </a><p class=\"res-header-id\"><b>Generated Narrative: Procedure sectio-swart</b></p><a name=\"sectio-swart\"> </a><a name=\"hcsectio-swart\"> </a><a name=\"sectio-swart-en-US\"> </a><p><b>status</b>: Completed</p><p><b>category</b>: <span title=\"Codes:{http://snomed.info/sct 386637004}\">Obstetric procedure</span></p><p><b>code</b>: <span title=\"Codes:{http://snomed.info/sct 11466000}\">Cesarean section</span></p><p><b>subject</b>: <a href=\"Bundle-bundle-swart.html#http-//example.org/Patient/patient-swart\">Fiona F XXX_Swart</a></p><p><b>performed</b>: 2025-02-10 10:03:00+0200 --&gt; 2025-02-10 11:48:00+0200</p></div>"
      },
      "status" : "completed",
      "category" : {
        "coding" : [{
          "system" : "http://snomed.info/sct",
          "code" : "386637004",
          "display" : "Obstetric procedure"
        }]
      },
      "code" : {
        "coding" : [{
          "system" : "http://snomed.info/sct",
          "code" : "11466000",
          "display" : "Cesarean section"
        }]
      },
      "subject" : {
        "reference" : "http://example.org/Patient/patient-swart",
        "display" : "Fiona F XXX_Swart"
      },
      "performedPeriod" : {
        "start" : "2025-02-10T10:03:00+02:00",
        "end" : "2025-02-10T11:48:00+02:00"
      }
    }
  }]
}