{
  "resourceType" : "Condition",
  "id" : "condition-meerling",
  "text" : {
    "status" : "generated",
    "div" : "<div xmlns=\"http://www.w3.org/1999/xhtml\"><p class=\"res-header-id\"><b>Generated Narrative: Condition condition-meerling</b></p><a name=\"condition-meerling\"> </a><a name=\"hccondition-meerling\"> </a><a name=\"condition-meerling-en-US\"> </a><p><b>clinicalStatus</b>: <span title=\"Codes:{http://terminology.hl7.org/CodeSystem/condition-clinical resolved}\">Resolved</span></p><p><b>code</b>: <span title=\"Codes:{http://snomed.info/sct 459168005}\">Monochorionic diamniotic twin pregnancy</span></p><p><b>subject</b>: <a href=\"Bundle-bundle-swart.html#http-//example.org/Patient/patient-swart\">Fiona F XXX_Swart</a></p><p><b>onset</b>: 2025-02-08</p></div>"
  },
  "clinicalStatus" : {
    "coding" : [{
      "system" : "http://terminology.hl7.org/CodeSystem/condition-clinical",
      "code" : "resolved"
    }]
  },
  "code" : {
    "coding" : [{
      "system" : "http://snomed.info/sct",
      "code" : "459168005",
      "display" : "Monochorionic diamniotic twin pregnancy"
    }]
  },
  "subject" : {
    "reference" : "http://example.org/Patient/patient-swart",
    "display" : "Fiona F XXX_Swart"
  },
  "onsetDateTime" : "2025-02-08"
}