<?xml version="1.0" encoding="UTF-8"?>

<Observation xmlns="http://hl7.org/fhir">
  <id value="alcohol-swart"/>
  <text>
    <status value="generated"/><div xmlns="http://www.w3.org/1999/xhtml"><p class="res-header-id"><b>Generated Narrative: Observation alcohol-swart</b></p><a name="alcohol-swart"> </a><a name="hcalcohol-swart"> </a><a name="alcohol-swart-en-US"> </a><p><b>status</b>: Final</p><p><b>code</b>: <span title="Codes:{http://snomed.info/sct 228273003}">Alcohol drinking behaviour</span></p><p><b>subject</b>: <a href="Bundle-bundle-swart.html#http-//example.org/Patient/patient-swart">Fiona F XXX_Swart</a></p><p><b>effective</b>: 2025-02-08</p><p><b>value</b>: <span title="Codes:{http://snomed.info/sct 105542008}">Current non-drinker of alcohol</span></p></div>
  </text>
  <status value="final"/>
  <code>
    <coding>
      <system value="http://snomed.info/sct"/>
      <code value="228273003"/>
      <display value="Alcohol drinking behaviour"/>
    </coding>
  </code>
  <subject>
    <reference value="http://example.org/Patient/patient-swart"/>
    <display value="Fiona F XXX_Swart"/>
  </subject>
  <effectiveDateTime value="2025-02-08"/>
  <valueCodeableConcept>
    <coding>
      <system value="http://snomed.info/sct"/>
      <code value="105542008"/>
      <display value="Current non-drinker of alcohol"/>
    </coding>
  </valueCodeableConcept>
</Observation>