{
  "resourceType" : "Observation",
  "id" : "levenvoelen-swart",
  "text" : {
    "status" : "generated",
    "div" : "<div xmlns=\"http://www.w3.org/1999/xhtml\"><p class=\"res-header-id\"><b>Generated Narrative: Observation levenvoelen-swart</b></p><a name=\"levenvoelen-swart\"> </a><a name=\"hclevenvoelen-swart\"> </a><a name=\"levenvoelen-swart-en-US\"> </a><p><b>identifier</b>: <code>urn:oid:2.16.840.1.113883.2.4.3.11.999.7.6</code>/38e436bf-6b35-11ec-2213-020000000000</p><p><b>status</b>: Final</p><p><b>code</b>: <span title=\"Codes:{http://snomed.info/sct 364618000}\">Pattern of fetal movement</span></p><p><b>subject</b>: <a href=\"Bundle-bundle-swart.html#http-//example.org/Patient/patient-swart\">Fiona F XXX_Swart</a></p><p><b>effective</b>: 2025-02-08</p><p><b>value</b>: <span title=\"Codes:{http://snomed.info/sct 289431008}\">Fetal movements present</span></p></div>"
  },
  "identifier" : [{
    "system" : "urn:oid:2.16.840.1.113883.2.4.3.11.999.7.6",
    "value" : "38e436bf-6b35-11ec-2213-020000000000"
  }],
  "status" : "final",
  "code" : {
    "coding" : [{
      "system" : "http://snomed.info/sct",
      "code" : "364618000",
      "display" : "Pattern of fetal movement"
    }]
  },
  "subject" : {
    "reference" : "http://example.org/Patient/patient-swart",
    "display" : "Fiona F XXX_Swart"
  },
  "effectiveDateTime" : "2025-02-08",
  "valueCodeableConcept" : {
    "coding" : [{
      "system" : "http://snomed.info/sct",
      "code" : "289431008",
      "display" : "Fetal movements present"
    }]
  }
}