{
  "resourceType" : "Patient",
  "id" : "patient-swart",
  "text" : {
    "status" : "generated",
    "div" : "<div xmlns=\"http://www.w3.org/1999/xhtml\"><p class=\"res-header-id\"><b>Generated Narrative: Patient patient-swart</b></p><a name=\"patient-swart\"> </a><a name=\"hcpatient-swart\"> </a><a name=\"patient-swart-en-US\"> </a><p style=\"border: 1px #661aff solid; background-color: #e6e6ff; padding: 10px;\">Fiona XXX_Swart Female, DoB: 1985-12-23 ( http://fhir.nl/fhir/NamingSystem/bsn#999901448)</p><hr/><table class=\"grid\"><tr><td style=\"background-color: #f3f5da\" title=\"Known multipleBirth status of Patient\">Multiple Birth:</td><td colspan=\"3\">false</td></tr><tr><td style=\"background-color: #f3f5da\" title=\"Ways to contact the Patient\">Contact Detail</td><td colspan=\"3\"><ul><li>ph: 0655223366(Mobile)</li><li>Knolweg 1000 STITSWERD 9999XA NL (home)</li></ul></td></tr></table></div>"
  },
  "identifier" : [{
    "system" : "http://fhir.nl/fhir/NamingSystem/bsn",
    "value" : "999901448"
  }],
  "name" : [{
    "extension" : [{
      "url" : "http://hl7.org/fhir/StructureDefinition/humanname-assembly-order",
      "valueCode" : "NL1"
    }],
    "text" : "Fiona XXX_Swart",
    "family" : "XXX_Swart",
    "_family" : {
      "extension" : [{
        "url" : "http://hl7.org/fhir/StructureDefinition/humanname-own-name",
        "valueString" : "XXX_Swart"
      }]
    },
    "given" : ["Fiona",
    "F"],
    "_given" : [{
      "extension" : [{
        "url" : "http://hl7.org/fhir/StructureDefinition/iso21090-EN-qualifier",
        "valueCode" : "BR"
      }]
    },
    {
      "extension" : [{
        "url" : "http://hl7.org/fhir/StructureDefinition/iso21090-EN-qualifier",
        "valueCode" : "IN"
      }]
    }]
  }],
  "telecom" : [{
    "system" : "phone",
    "value" : "0655223366",
    "use" : "mobile"
  }],
  "gender" : "female",
  "birthDate" : "1985-12-23",
  "address" : [{
    "use" : "home",
    "type" : "physical",
    "line" : ["Knolweg 1000"],
    "_line" : [{
      "extension" : [{
        "url" : "http://hl7.org/fhir/StructureDefinition/iso21090-ADXP-streetName",
        "valueString" : "Knolweg"
      },
      {
        "url" : "http://hl7.org/fhir/StructureDefinition/iso21090-ADXP-houseNumber",
        "valueString" : "1000"
      }]
    }],
    "city" : "STITSWERD",
    "postalCode" : "9999XA",
    "country" : "NL"
  }],
  "multipleBirthBoolean" : false
}