{
  "resourceType" : "Observation",
  "id" : "gewicht-swart",
  "text" : {
    "status" : "generated",
    "div" : "<div xmlns=\"http://www.w3.org/1999/xhtml\"><p class=\"res-header-id\"><b>Generated Narrative: Observation gewicht-swart</b></p><a name=\"gewicht-swart\"> </a><a name=\"hcgewicht-swart\"> </a><a name=\"gewicht-swart-en-US\"> </a><p><b>status</b>: Final</p><p><b>category</b>: <span title=\"Codes:{http://terminology.hl7.org/CodeSystem/observation-category vital-signs}\">Vital Signs</span></p><p><b>code</b>: <span title=\"Codes:{http://loinc.org 29463-7}\">Body weight</span></p><p><b>subject</b>: <a href=\"Bundle-bundle-swart.html#http-//example.org/Patient/patient-swart\">Fiona F XXX_Swart</a></p><p><b>effective</b>: 2025-02-08</p><p><b>value</b>: 63 kg<span style=\"background: LightGoldenRodYellow\"> (Details: UCUM  codekg = 'kg')</span></p></div>"
  },
  "status" : "final",
  "category" : [{
    "coding" : [{
      "system" : "http://terminology.hl7.org/CodeSystem/observation-category",
      "code" : "vital-signs",
      "display" : "Vital Signs"
    }]
  }],
  "code" : {
    "coding" : [{
      "system" : "http://loinc.org",
      "code" : "29463-7",
      "display" : "Body weight"
    }]
  },
  "subject" : {
    "reference" : "http://example.org/Patient/patient-swart",
    "display" : "Fiona F XXX_Swart"
  },
  "effectiveDateTime" : "2025-02-08",
  "valueQuantity" : {
    "value" : 63,
    "unit" : "kg",
    "system" : "http://unitsofmeasure.org",
    "code" : "kg"
  }
}