{
  "resourceType" : "Observation",
  "id" : "lab-swart-4",
  "text" : {
    "status" : "generated",
    "div" : "<div xmlns=\"http://www.w3.org/1999/xhtml\"><p class=\"res-header-id\"><b>Generated Narrative: Observation lab-swart-4</b></p><a name=\"lab-swart-4\"> </a><a name=\"hclab-swart-4\"> </a><a name=\"lab-swart-4-en-US\"> </a><p><b>status</b>: Final</p><p><b>code</b>: <span title=\"Codes:{http://loinc.org 1305-2}\">D Ag [Presence] in Blood</span></p><p><b>subject</b>: <a href=\"Bundle-bundle-swart.html#http-//example.org/Patient/patient-swart\">Fiona F XXX_Swart</a></p><p><b>value</b>: <span title=\"Codes:{http://snomed.info/sct 165747007}\">RhD positive</span></p></div>"
  },
  "status" : "final",
  "code" : {
    "coding" : [{
      "system" : "http://loinc.org",
      "code" : "1305-2",
      "display" : "D Ag [Presence] in Blood"
    }]
  },
  "subject" : {
    "reference" : "http://example.org/Patient/patient-swart",
    "display" : "Fiona F XXX_Swart"
  },
  "valueCodeableConcept" : {
    "coding" : [{
      "system" : "http://snomed.info/sct",
      "code" : "165747007",
      "display" : "RhD positive"
    }]
  }
}